CLUSTERID1	CLUSTERID2	ComponentIndex	Cosine	DeltaMZ
652	1082	1	0.7941	-44.026
1938	7596	2	0.8487	26.018
1539	1827	3	0.7067	0.001
321	914	4	0.9077	-0.036
86	321	4	0.7719	-71.038
965	3168	4	0.792	-23.000
86	3168	4	0.8217	-1.942
86	1650	4	0.7652	-14.016
5445	5471	5	0.8009	53.047
141	3374	6	0.7625	2.015
548	3374	6	0.7689	41.026
21	3374	6	0.8521	13.020
1399	2084	7	0.8273	-0.002
1399	3481	7	0.7964	18.011
2084	3481	7	0.7032	18.013
76	336	8	0.9193	-42.010
100	2185	8	0.8518	12.036
408	820	8	0.9152	-15.993
867	7659	8	0.8365	-15.995
256	779	8	0.9554	-50.016
640	5491	8	0.9091	42.058
651	7502	8	0.9052	63.995
172	5705	8	0.8304	15.995
651	3038	8	0.8499	-16.031
336	732	8	0.8258	0.983
112	7889	8	0.8405	56.062
23	5456	8	0.8928	-15.995
3182	5600	8	0.8397	-49.979
318	5491	8	0.9494	0.011
349	7502	8	0.896	14.016
91	172	8	0.9097	-63.995
117	5705	8	0.9776	0.000
643	8416	8	0.8299	79.100
1103	2185	8	0.8562	12.036
3247	7616	8	0.8531	15.995
3182	6636	8	0.8315	-16.031
581	7978	8	0.8448	-47.996
76	422	8	0.9036	15.995
278	349	8	0.8974	16.031
372	921	8	0.8312	-1.979
431	581	8	0.8643	-16.031
640	3038	8	0.8888	-49.979
422	6623	8	0.8352	-33.984
187	422	8	0.8621	-85.052
172	5473	8	0.8324	-1.942
372	5440	8	0.9055	-14.016
318	687	8	0.8434	-30.010
100	779	8	0.9239	-33.985
336	422	8	0.8925	58.005
112	675	8	0.9151	56.063
22	240	8	0.8308	-27.062
162	336	8	0.8672	33.985
422	6636	8	0.9478	-42.047
581	3247	8	0.8751	12.036
278	640	8	0.9794	-0.000
278	372	8	0.9074	14.015
23	2997	8	0.8309	-15.995
5491	7592	8	0.9163	-16.006
187	3038	8	0.8501	-63.995
349	5440	8	0.8921	-16.031
223	5541	8	0.8679	-43.991
91	5705	8	0.9124	-48.000
687	3038	8	0.8494	-62.016
408	6622	8	0.8282	260.152
112	422	8	0.9549	42.047
581	8416	8	0.8536	-76.031
187	640	8	0.8877	-14.015
23	779	8	0.9249	-147.069
115	431	8	0.8256	304.142
372	620	8	0.8917	14.016
91	112	8	0.8626	-14.016
23	5484	8	0.8227	-57.021
1103	5440	8	0.9081	33.984
779	867	8	0.8486	48.000
112	336	8	0.8672	-15.958
100	349	8	0.8966	50.015
336	6636	8	0.8591	15.958
843	1172	8	0.8522	15.995
76	112	8	0.8863	-26.052
318	7592	8	0.8804	-15.994
687	3558	8	0.8272	-12.036
779	5484	8	0.8727	90.047
604	3247	8	0.8316	30.011
245	7978	8	0.8225	76.035
22	3155	8	0.9187	-15.995
187	278	8	0.845	-14.015
3038	5440	8	0.8654	49.979
245	259	8	0.954	50.016
687	5491	8	0.8686	30.021
336	355	8	0.8422	14.016
620	867	8	0.8534	-48.000
278	3038	8	0.8615	-49.979
259	1079	8	0.837	18.026
687	2185	8	0.8428	-33.984
675	1144	8	0.8754	-42.047
843	3038	8	0.826	49.979
240	640	8	0.8698	49.979
259	5600	8	0.8306	-15.995
620	2155	8	0.8832	2.012
76	3247	8	0.8679	42.047
687	7592	8	0.8923	14.016
91	581	8	0.9516	42.047
91	806	8	0.9003	12.036
345	5541	8	0.869	-0.984
640	5440	8	0.983	0.000
240	5456	8	0.8292	113.084
1604	5599	8	1.0	-0.012
6636	7889	8	0.8372	56.062
76	172	8	0.8232	-76.031
1079	5600	8	0.8275	-34.021
372	1103	8	0.9192	-48.000
372	640	8	0.9069	-14.016
422	1757	8	0.8477	-33.984
278	5491	8	0.9101	42.058
3038	3558	8	0.8296	49.979
674	5541	8	0.8278	14.016
921	1604	8	0.8403	-49.979
553	581	8	0.8237	28.031
256	867	8	0.8338	-2.016
23	1103	8	0.8648	-113.084
336	717	8	0.8362	-0.000
91	422	8	0.8711	28.031
76	6636	8	0.8984	-26.052
651	2155	8	0.9078	63.991
921	3051	8	0.8783	14.015
172	4106	8	0.9485	0.007
1178	9231	8	0.8438	-0.037
187	581	8	0.8511	-71.037
76	152	8	0.8764	-14.016
581	806	8	0.8909	-30.011
76	91	8	0.865	-12.036
581	3160	8	0.8304	-43.990
2997	5456	8	0.9354	-0.000
1172	3038	8	0.8433	33.985
581	7616	8	0.8315	28.031
1757	3670	8	0.8313	14.016
256	349	8	0.9123	33.984
259	408	8	0.8471	-184.121
187	7592	8	0.8705	12.037
91	8416	8	0.9089	-33.984
100	278	8	0.9006	33.984
115	1208	8	0.8288	276.111
3991	6636	8	0.8227	15.958
779	1103	8	0.9301	33.985
259	3182	8	0.88	33.984
100	640	8	0.891	33.984
779	3271	8	0.8315	76.032
259	5790	8	0.8679	14.015
100	372	8	0.917	48.000
1172	2185	8	0.8771	62.016
2185	5484	8	0.8868	44.026
640	1103	8	0.8946	-33.984
5440	5491	8	0.9181	42.058
779	1172	8	0.8581	-15.995
779	1332	8	0.8487	10.010
349	2155	8	0.8986	14.012
651	1172	8	0.86	-50.016
349	651	8	0.8994	-49.979
1172	5484	8	0.8723	106.042
100	5440	8	0.902	33.984
112	187	8	0.8735	127.099
278	5440	8	0.9953	-0.000
91	117	8	0.9367	-48.000
76	604	8	0.8563	12.036
2155	7502	8	0.9972	0.004
1208	5790	8	0.868	-48.001
372	867	8	0.8581	-33.984
5790	8416	8	0.8318	-16.030
921	5599	8	0.8403	-49.991
240	5440	8	0.8665	49.979
23	100	8	0.8594	-113.084
3271	5484	8	0.8435	14.016
23	7871	8	0.8233	-374.121
187	5440	8	0.859	-14.015
620	7659	8	0.8314	-63.995
806	8416	8	0.8656	-46.020
223	422	8	0.8723	-14.017
1172	3271	8	0.8261	92.027
1890	8416	8	0.8305	57.021
256	7502	8	0.9593	48.000
620	7502	8	0.8821	2.016
779	2185	8	0.893	46.021
431	1208	8	0.8964	-28.031
355	5541	8	0.8385	14.016
349	640	8	0.8974	-16.031
112	6636	8	0.9934	0.000
422	7889	8	0.8623	14.016
431	5790	8	0.8767	-76.032
100	1103	8	0.9933	0.000
91	4106	8	0.859	-63.988
4106	9231	8	0.827	14.008
117	4106	8	0.8316	-15.988
349	3558	8	0.8782	-16.031
256	2155	8	0.962	47.996
100	240	8	0.8673	-15.995
349	1103	8	0.9026	-50.015
187	3558	8	0.8962	-14.015
636	3051	8	0.8793	33.984
115	5790	8	0.8335	228.110
259	5705	8	0.8485	-16.031
256	651	8	0.9249	-15.995
240	843	8	0.8475	-49.979
115	1626	8	0.854	165.043
1079	3182	8	0.8452	15.958
1629	5790	8	0.8225	63.994
112	1144	8	0.9089	14.016
245	8416	8	0.8622	48.000
278	1103	8	0.9067	-33.984
152	336	8	0.8455	-27.995
240	1103	8	0.8691	15.995
240	372	8	0.8638	63.995
112	3182	8	0.8291	16.031
1757	6623	8	0.9853	0.000
117	172	8	0.8818	-15.995
259	8416	8	0.8426	-2.015
240	278	8	0.8667	49.979
202	222	9	0.8667	2.016
411	985	10	0.7819	131.095
276	736	10	0.8001	-12.036
462	1028	10	0.7946	-63.995
276	882	10	0.8565	-13.979
89	276	10	0.8039	-101.048
736	1097	10	0.8234	42.047
736	1028	10	0.8186	-49.979
836	6592	10	0.8031	27.995
462	6592	10	0.8211	-1.979
89	462	10	0.7874	-99.069
276	6592	10	0.7901	0.000
462	882	10	0.8198	-15.959
541	1097	10	0.8088	158.069
89	1097	10	0.8603	-71.037
882	6592	10	0.8075	13.979
1429	1580	10	0.7824	14.016
325	1429	10	0.7865	14.016
325	1028	10	0.7869	-49.979
462	1097	10	0.864	28.031
276	462	10	0.8103	1.979
882	1097	10	0.8525	43.990
3225	6592	10	0.791	-0.036
411	1097	10	0.7921	127.100
311	411	10	0.8383	-12.037
89	882	10	0.8305	-115.027
325	1097	10	0.816	42.047
325	6592	10	0.7945	12.037
5453	6592	10	0.7838	128.056
462	736	10	0.837	-14.016
462	1580	10	0.8576	14.016
89	522	10	0.8028	-0.000
462	541	10	0.7834	-130.038
276	1097	10	0.8506	30.011
1097	6592	10	0.854	-30.011
411	1580	10	0.789	113.085
541	6592	10	0.8543	128.059
1028	1097	10	0.8307	92.026
411	462	10	0.8197	99.069
454	3225	10	0.8146	62.016
295	367	11	0.7644	-28.031
48	1001	11	0.7023	-67.985
48	863	11	0.7323	-15.973
48	367	11	0.8229	-2.014
48	295	11	0.7511	26.017
367	863	11	0.7502	-13.959
64	367	11	0.7772	-250.287
1001	7602	11	0.8104	26.017
48	64	11	0.7558	248.273
529	3555	12	0.8163	30.164
856	1357	12	0.8646	-40.068
54	169	12	0.8468	-132.079
389	641	12	0.896	-28.032
3036	3629	12	0.772	17.025
209	763	12	0.9334	17.027
763	856	12	0.8452	-427.278
526	747	12	0.8638	120.041
388	1588	12	0.794	58.042
51	71	12	0.8627	-132.079
621	1673	12	0.8013	220.140
136	155	12	0.9643	-44.026
47	71	12	0.8737	-88.052
195	254	12	0.843	-44.026
577	880	12	0.8134	44.026
394	856	12	0.8959	-118.063
621	3343	12	0.7973	0.047
526	856	12	0.9399	-44.027
577	3036	12	0.8051	88.052
3148	8423	12	0.9799	44.026
290	561	12	0.8686	-58.042
747	3653	12	0.8671	28.032
1033	3151	12	0.8022	130.100
51	54	12	0.8956	-88.052
565	715	12	0.8365	-58.042
136	195	12	0.8706	-88.052
405	856	12	0.9089	-88.053
529	805	12	0.8484	58.042
155	195	12	0.9087	-44.026
51	149	12	0.8322	-58.042
47	51	12	0.9322	44.026
3148	3232	12	0.9592	-44.026
880	1673	12	0.8604	88.061
298	805	12	0.7299	-14.016
106	169	12	0.933	-44.026
389	747	12	0.8921	47.984
751	3232	12	0.9099	-47.985
205	3465	12	0.7429	-44.026
106	751	12	0.8865	-40.068
1673	3465	12	0.7403	17.019
529	715	12	0.8476	-14.016
1157	3232	12	0.8922	24.073
3052	3465	12	0.7074	17.027
1033	3555	12	0.8034	133.264
3629	5977	12	0.782	-88.051
1588	3555	12	0.7593	-57.888
136	591	12	0.8356	132.078
149	591	12	0.8741	88.052
1033	1588	12	0.7847	191.152
621	756	12	0.7656	44.026
3036	3052	12	0.8357	44.026
577	1673	12	0.8049	132.087
751	3148	12	0.8974	-3.958
205	3714	12	0.7188	-264.158
565	3151	12	0.7947	-17.026
71	8423	12	0.8962	-44.026
565	805	12	0.8062	14.015
205	3052	12	0.7121	-61.053
149	155	12	0.9517	-88.053
51	3979	12	0.811	88.052
71	751	12	0.8938	-84.094
51	119	12	0.9178	44.026
388	763	12	0.7813	-15.995
591	3151	12	0.7386	-14.015
205	1673	12	0.736	-61.044
205	3629	12	0.8033	-88.054
531	641	12	0.8046	-44.026
54	71	12	0.8804	-44.026
641	756	12	0.7941	168.188
561	856	12	0.8369	-74.036
388	1033	12	0.8016	-133.110
106	3232	12	0.9283	-88.053
394	529	12	0.848	295.200
106	155	12	0.8998	30.010
155	209	12	0.9081	132.079
747	8423	12	0.9027	84.094
389	8423	12	0.9408	132.078
747	3148	12	0.9196	40.068
577	621	12	0.7843	-88.053
149	209	12	0.952	44.026
290	394	12	0.8684	-14.016
119	3868	12	0.8115	-84.094
756	1673	12	0.7819	176.113
136	254	12	0.8402	-132.079
747	751	12	0.9261	44.027
71	3148	12	0.8893	-88.053
621	9120	12	0.767	-0.281
715	1033	12	0.7395	-89.084
805	3979	12	0.8001	41.016
561	763	12	0.8096	353.241
298	3868	12	0.7141	-101.121
209	3151	12	0.7999	30.011
298	3804	12	0.8151	44.026
389	751	12	0.889	92.011
3629	3714	12	0.7107	-176.104
155	3148	12	0.9013	-74.037
388	529	12	0.8249	-30.010
1673	5977	12	0.7244	-115.061
1673	3036	12	0.8675	-44.035
3714	5977	12	0.7861	88.052
388	565	12	0.8847	14.016
751	3653	12	0.8452	-15.995
136	209	12	0.938	88.052
155	526	12	0.9004	-234.146
747	1157	12	0.9205	-28.031
106	8423	12	0.9659	0.000
621	3052	12	0.7712	220.131
155	3232	12	0.8832	-118.063
155	405	12	0.8944	-190.120
290	405	12	0.8934	-44.026
136	405	12	0.8499	-234.146
405	526	12	0.9663	-44.026
388	805	12	0.7614	28.031
641	1791	12	0.7881	-132.079
621	880	12	0.7985	132.079
169	3232	12	0.8763	-44.026
529	1033	12	0.8027	-103.100
209	591	12	0.9041	44.026
254	561	12	0.8152	-116.084
1033	1382	12	0.7201	-58.042
51	209	12	0.8451	-14.016
205	5977	12	0.7867	-176.105
805	3804	12	0.8079	58.042
405	561	12	0.9227	-14.016
756	3036	12	0.7923	132.079
565	1033	12	0.8816	-147.126
149	195	12	0.851	-132.079
3465	3629	12	0.7321	-44.029
3343	5977	12	0.7023	105.031
529	565	12	0.9213	44.026
47	106	12	0.8979	-132.079
169	8423	12	0.8953	44.026
71	389	12	0.9051	-176.105
136	149	12	0.9521	44.026
565	3555	12	0.8556	-13.862
1157	1357	12	0.8747	-176.105
51	166	12	0.9715	17.027
388	3555	12	0.8773	0.154
747	3232	12	0.9127	-3.958
195	394	12	0.8234	-116.084
394	526	12	0.8956	-74.036
388	715	12	0.7865	-44.026
565	1588	12	0.8846	44.026
1157	3148	12	0.8928	68.100
119	3979	12	0.8822	44.026
166	298	12	0.877	44.026
591	805	12	0.8617	17.027
751	1157	12	0.9107	-72.058
3465	5977	12	0.7343	-132.080
394	561	12	0.9775	-44.026
205	3036	12	0.7407	-105.079
290	526	12	0.8587	-88.052
529	561	12	0.8383	-339.226
591	3979	12	0.7427	58.042
394	405	12	0.9504	-30.010
565	763	12	0.8215	-30.011
389	3148	12	0.9435	88.052
526	3232	12	0.8918	116.083
169	389	12	0.9104	-88.052
119	298	12	0.8573	17.027
577	756	12	0.7761	-44.026
880	3036	12	0.8535	44.026
106	389	12	0.9674	-132.078
763	805	12	0.8836	44.026
47	54	12	0.8979	-44.026
621	3036	12	0.8064	176.105
526	561	12	0.9294	30.010
715	3555	12	0.7713	44.180
3343	9120	12	0.9082	-0.328
880	3052	12	0.8352	88.052
166	534	12	0.7632	-44.026
805	1588	12	0.7283	30.011
577	3052	12	0.7857	132.078
529	763	12	0.8372	14.015
106	3148	12	0.9537	-44.026
71	106	12	0.9369	-44.026
155	8423	12	0.9045	-30.010
389	1020	12	0.9035	-88.052
47	119	12	0.8444	88.052
71	169	12	0.8796	-88.053
54	106	12	0.9127	-88.053
751	8423	12	0.8868	40.068
1157	8423	12	0.8766	112.126
756	880	12	0.8004	88.053
1673	3052	12	0.9467	-0.008
205	880	12	0.7265	-149.105
3232	8423	12	0.9499	88.053
389	3232	12	0.9467	44.026
756	3052	12	0.7575	176.105
169	3148	12	0.8946	0.000
1157	3653	12	0.8492	56.063
7	55	13	0.7321	-146.079
2173	3147	13	0.8744	-220.130
34	2173	13	0.7263	-86.110
4	3147	13	0.8006	-322.235
29	9195	13	0.7427	1.979
5460	5594	13	0.7718	14.019
207	1083	13	0.7231	-147.069
3147	7862	13	0.7586	128.176
29	2173	13	0.908	-72.094
12	7862	13	0.8102	-32.006
207	1343	13	0.7717	-129.042
29	34	13	0.7423	14.016
29	3288	13	0.7534	-9.038
3147	3288	13	0.746	283.187
29	3147	13	0.8394	-292.224
12	146	13	0.7961	-90.012
7	12	13	0.9094	15.974
4	3146	13	0.7711	-278.211
1343	3159	13	0.789	0.983
34	2671	13	0.7005	-130.137
7	7862	13	0.7588	-16.032
29	7862	13	0.7714	-164.048
5444	5447	13	0.8964	-15.987
2173	3146	13	0.8421	-176.106
3146	7862	13	0.7381	84.152
29	3146	13	0.8278	-248.200
5447	5523	13	0.741	1.972
2173	9195	13	0.7046	74.073
5481	9195	13	0.7162	178.135
3146	3147	13	0.8027	-44.024
4	7862	13	0.7432	-194.059
319	587	13	0.8908	-321.237
36	5405	13	0.9934	0.012
2173	5460	13	0.7137	11.971
36	207	13	0.805	-113.084
207	340	13	0.7599	-200.116
340	1343	13	0.7174	71.074
2173	7862	13	0.8017	-91.954
1343	6669	13	0.7943	14.998
12	55	13	0.8795	-162.053
4	7	13	0.8206	-178.026
3146	3288	13	0.7311	239.163
2671	3288	13	0.8053	107.083
319	3101	13	0.7014	-71.037
2671	5523	13	0.7294	41.980
4	29	13	0.8167	-30.011
207	5405	13	0.8005	113.096
34	93	13	0.7059	-28.032
207	319	13	0.7647	-33.985
55	7862	13	0.7407	130.047
3159	6669	13	0.7911	14.015
340	3159	13	0.7873	72.057
4	12	13	0.7959	-162.053
207	3159	13	0.7897	-128.059
207	6669	13	0.7523	-114.044
5444	5523	13	0.7961	-14.015
3101	5481	13	0.8121	-15.994
146	7862	13	0.7703	58.006
340	6669	13	0.725	86.073
3288	7862	13	0.7112	-155.010
77	386	14	0.8256	2.016
1542	8959	14	0.7929	-28.031
3433	3509	14	0.8026	-60.021
360	827	14	0.7978	-59.037
8	384	14	0.955	-28.032
145	536	14	0.7127	-57.008
536	1394	14	0.8579	26.016
74	827	14	0.7973	33.010
3831	4433	14	0.9164	36.021
827	3369	14	0.7093	41.027
11	770	14	0.8961	-264.244
74	132	14	0.8413	18.011
3389	3433	14	0.7881	-14.016
252	381	14	0.9071	-18.011
74	3509	14	0.8707	28.031
11	74	14	0.84	123.009
11	7249	14	0.8592	-266.256
3369	3389	14	0.7267	28.031
5886	6119	14	0.7326	-46.005
128	386	14	0.7554	11.999
27	384	14	0.9712	-56.063
381	536	14	0.888	18.011
360	791	14	0.8419	2.016
1105	7356	14	0.8177	4.031
258	303	14	0.8106	26.017
303	3509	14	0.7376	123.008
9	87	14	0.8453	-43.990
9	381	14	0.8231	-119.011
173	791	14	0.79	74.037
11	87	14	0.9556	-43.991
258	7356	14	0.8093	-119.010
74	87	14	0.8369	-166.999
803	3831	14	0.812	26.016
27	370	14	0.8708	-24.000
384	622	14	0.732	42.047
56	212	14	0.9232	-17.027
4433	6754	14	0.8946	-18.011
386	3389	14	0.7823	26.016
132	360	14	0.8851	74.037
212	258	14	0.9243	136.037
8	1105	14	0.8132	-119.010
483	3509	14	0.7289	-64.016
586	3819	14	0.7095	-12.000
145	208	14	0.8114	-2.014
87	6689	14	0.7545	185.010
77	3389	14	0.8359	28.031
53	7356	14	0.8186	2.016
6572	7249	14	0.8287	-28.028
53	132	14	0.9496	260.030
128	265	14	0.895	14.015
386	6754	14	0.8284	10.021
8	9	14	0.916	2.015
511	791	14	0.8551	106.115
386	791	14	0.81	18.011
265	4158	14	0.8775	-0.000
77	483	14	0.7363	18.010
8	258	14	0.7721	4.031
586	791	14	0.8037	42.011
586	4235	14	0.7301	14.016
11	258	14	0.8627	2.016
11	381	14	0.8341	-119.011
3831	6754	14	0.8468	18.011
803	6754	14	0.7933	44.027
11	303	14	0.9231	28.032
1105	1715	14	0.8911	18.010
353	1394	14	0.8385	24.000
360	511	14	0.7856	-104.099
252	353	14	0.8487	2.016
77	4433	14	0.8121	30.047
536	1715	14	0.8451	-2.016
128	803	14	0.8361	-22.006
128	511	14	0.7471	-76.105
128	586	14	0.7725	-12.001
303	7249	14	0.7872	-294.288
360	671	14	0.8067	-73.089
6605	7924	14	0.7139	-14.014
4433	5565	14	0.7088	25.020
53	1105	14	0.7642	-2.015
8	370	14	0.8445	4.031
532	859	14	0.74	56.060
265	6683	14	0.7357	-14.016
5856	6119	14	0.7359	18.011
770	6572	14	0.8111	26.016
586	920	14	0.8202	2.016
381	1105	14	0.8515	-2.015
9	27	14	0.9125	26.016
511	3065	14	0.7093	-85.996
9	370	14	0.8287	2.016
265	791	14	0.8495	15.995
353	7356	14	0.8038	-18.010
360	3433	14	0.7967	-3.995
9	258	14	0.8178	2.016
56	353	14	0.7036	18.010
9	11	14	0.8329	0.000
145	252	14	0.7198	-57.008
27	622	14	0.737	-14.015
4158	4168	14	0.7828	15.995
803	4158	14	0.7411	36.021
265	5565	14	0.7285	51.036
483	3369	14	0.7394	-18.010
1592	4158	14	0.7864	54.032
53	381	14	0.8913	-0.000
252	536	14	0.9312	-0.000
9	53	14	0.8218	-119.010
87	145	14	0.7883	-0.001
74	483	14	0.818	92.048
353	1715	14	0.776	-4.031
173	7356	14	0.8059	-260.030
905	3065	14	0.8146	454.339
6119	6605	14	0.8061	-35.040
56	1105	14	0.7386	-4.031
128	173	14	0.7724	-44.027
258	770	14	0.7893	-266.260
532	4487	14	0.775	210.197
265	1592	14	0.8245	-54.032
586	7897	14	0.7228	22.057
77	827	14	0.8574	-41.027
360	3509	14	0.7809	-64.016
56	173	14	0.9171	260.030
3389	3509	14	0.7279	-74.037
803	4433	14	0.8422	62.037
770	8959	14	0.7777	-130.233
381	913	14	0.8483	26.016
265	4168	14	0.7737	15.995
27	913	14	0.8108	-119.011
74	77	14	0.8273	74.037
265	803	14	0.7993	-36.022
532	8959	14	0.7627	-52.033
303	6572	14	0.7447	-266.261
77	3369	14	0.7487	0.000
87	132	14	0.933	185.010
87	252	14	0.7523	-57.009
252	1715	14	0.8458	-2.016
386	803	14	0.7947	-34.006
370	384	14	0.8469	-32.063
791	3369	14	0.7625	-20.026
511	5620	14	0.7471	12.072
7885	8959	14	0.7105	-54.047
8	303	14	0.7107	30.048
483	3433	14	0.7121	-3.995
791	4168	14	0.7827	-0.000
53	56	14	0.8982	2.016
258	370	14	0.811	0.000
132	173	14	0.8681	2.016
5565	6119	14	0.7345	-129.067
77	360	14	0.859	18.011
386	5565	14	0.7484	53.052
173	212	14	0.9274	-277.057
386	4433	14	0.8892	28.031
53	87	14	0.9701	75.020
27	1394	14	0.7559	-101.000
132	671	14	0.8422	0.947
9	145	14	0.8311	-43.992
8	27	14	0.9679	28.031
87	381	14	0.874	-75.020
827	1214	14	0.7275	27.011
511	1926	14	0.7311	-28.031
9	384	14	0.8917	-30.047
353	536	14	0.8156	-2.016
1214	3433	14	0.7736	28.031
173	265	14	0.7995	58.042
381	7356	14	0.846	2.016
8	1715	14	0.7338	-101.000
77	1214	14	0.7604	-14.016
4158	7909	14	0.707	-13.978
303	770	14	0.8236	-292.277
74	360	14	0.9356	92.048
8	622	14	0.7208	14.016
1394	1715	14	0.9218	-28.031
913	1105	14	0.9177	-28.031
132	381	14	0.834	-260.030
87	3750	14	0.7643	-266.258
11	53	14	0.9574	-119.011
252	1394	14	0.8747	26.016
77	3433	14	0.737	14.016
3389	4433	14	0.7457	2.016
56	258	14	0.8577	119.010
173	258	14	0.8725	-141.020
128	6119	14	0.7583	-64.016
511	586	14	0.7708	64.104
128	4168	14	0.7462	30.010
11	132	14	0.9324	141.019
770	7249	14	0.8134	-2.012
511	3819	14	0.7137	52.104
212	7356	14	0.8767	17.027
53	74	14	0.8576	242.019
74	770	14	0.7664	-387.253
913	7356	14	0.7972	-24.000
791	4158	14	0.7619	-15.995
6119	7924	14	0.7121	-49.054
386	3831	14	0.8049	-7.990
53	252	14	0.7878	18.011
803	1592	14	0.7472	-18.010
128	791	14	0.8367	30.010
360	483	14	0.8594	-0.000
27	303	14	0.7057	2.017
128	4158	14	0.7918	14.015
56	7356	14	0.8644	0.000
913	1394	14	0.8643	18.011
56	913	14	0.7548	24.000
803	6744	14	0.7332	28.032
132	483	14	0.8278	74.037
913	3887	14	0.7063	242.020
483	671	14	0.7436	-73.089
3750	7249	14	0.7681	43.993
2495	7895	15	0.7732	48.056
1736	7895	15	0.7315	70.062
217	7895	15	0.802	0.020
3844	7895	15	0.7043	-107.027
432	492	17	0.9769	44.025
492	3009	17	0.8256	-132.077
596	599	17	0.7958	60.035
1663	7507	17	0.8464	-164.098
988	3009	17	0.7558	60.037
492	3649	17	0.9068	-60.036
1663	3009	17	0.7348	-192.115
492	596	17	0.9526	-148.087
596	1051	17	0.8543	-28.018
1068	1442	17	0.7251	-88.053
492	1051	17	0.9026	-176.105
432	988	17	0.894	-148.089
432	599	17	0.8412	-44.027
432	3009	17	0.8195	-88.052
432	1663	17	0.8874	104.063
492	988	17	0.9148	-192.114
1051	7507	17	0.8598	72.044
596	3009	17	0.7888	16.010
492	599	17	0.828	-88.052
599	1663	17	0.7502	148.090
432	3649	17	0.8988	-16.010
988	1051	17	0.8362	16.009
1051	3009	17	0.76	44.028
599	1051	17	0.7671	-88.053
3009	7507	17	0.7927	28.016
596	3649	17	0.916	88.052
599	988	17	0.7892	-104.062
3009	3649	17	0.7592	72.042
1068	3009	17	0.7199	88.053
432	1068	17	0.8353	-176.105
1442	3649	17	0.806	248.148
1051	1068	17	0.764	-44.025
1051	3649	17	0.85	116.069
1068	7507	17	0.8211	116.069
432	596	17	0.9577	-104.062
599	7507	17	0.8074	-16.009
3649	7507	17	0.9006	-44.025
596	7507	17	0.9844	44.026
492	1663	17	0.9206	60.037
988	1068	17	0.7947	-28.016
599	3649	17	0.7558	28.017
596	1068	17	0.8167	-72.043
596	988	17	0.9546	-44.027
492	7507	17	0.9826	-104.061
1051	1663	17	0.8522	236.142
599	1068	17	0.7021	-132.078
432	7507	17	0.946	-60.036
432	1051	17	0.8968	-132.080
1068	3649	17	0.81	160.095
492	1068	17	0.8515	-220.130
988	7507	17	0.9406	88.053
596	1442	17	0.7812	-160.096
660	8336	18	0.8078	-88.052
527	901	18	0.7536	100.088
833	860	18	0.7442	288.230
815	901	18	0.7506	-102.066
456	901	18	0.9512	-132.078
627	860	18	0.8391	128.120
833	1865	18	0.7203	128.119
527	572	18	0.9824	44.024
901	1119	18	0.8737	-44.026
987	1591	18	0.7362	-30.010
627	1591	18	0.7703	26.051
456	519	18	0.8385	-44.026
901	1109	18	0.7631	15.994
527	627	18	0.8685	88.051
527	1759	18	0.7641	58.042
660	876	18	0.7111	-102.067
456	1591	18	0.8006	-118.064
860	987	18	0.7435	-72.060
627	833	18	0.8179	-160.109
533	572	18	0.951	88.053
576	815	18	0.7063	-30.010
519	1233	18	0.7168	132.078
572	833	18	0.9012	-116.083
572	678	18	0.7308	246.182
749	8336	18	0.8325	44.026
901	8336	18	0.8933	74.036
726	815	18	0.7518	58.041
749	1119	18	0.7143	-74.036
901	1591	18	0.7734	14.014
876	1109	18	0.7828	-44.026
396	627	18	0.7887	220.131
456	876	18	0.7976	-72.057
456	8336	18	0.949	-58.042
396	833	18	0.8324	60.022
519	901	18	0.81	-88.052
1119	8336	18	0.7922	118.062
572	627	18	0.8565	44.026
749	876	18	0.7431	30.011
726	749	18	0.719	-14.016
678	1591	18	0.7524	-176.105
678	860	18	0.7433	-74.036
991	1119	18	0.7231	-30.009
749	901	18	0.7992	-30.010
1119	2417	18	0.7533	-146.093
456	726	18	0.8173	-88.053
519	876	18	0.7106	-28.032
749	1109	18	0.7332	-14.015
749	1591	18	0.7221	-15.996
1759	8336	18	0.7686	116.082
519	749	18	0.7483	-58.043
396	527	18	0.8896	132.081
396	533	18	0.8462	88.052
527	833	18	0.9135	-72.059
533	833	18	0.8899	-28.030
533	627	18	0.838	132.079
527	533	18	0.9377	-44.028
627	987	18	0.8069	56.061
860	1591	18	0.7488	-102.070
1119	1759	18	0.7598	1.980
519	8336	18	0.7798	-14.016
627	8336	18	0.7729	86.073
726	901	18	0.802	-44.025
678	815	18	0.7329	-88.053
456	749	18	0.8151	-102.068
456	1119	18	0.8416	-176.104
1119	1591	18	0.7579	58.040
1109	8336	18	0.8281	58.042
678	8336	18	0.8199	-116.083
519	1119	18	0.7198	-132.078
533	1865	18	0.7558	100.089
519	726	18	0.7386	-44.027
533	678	18	0.718	334.235
533	860	18	0.781	260.199
815	1591	18	0.8046	-88.053
860	2597	18	0.7478	0.000
833	1759	18	0.714	130.100
456	1109	18	0.8183	-116.084
726	1119	18	0.719	-88.051
987	1865	18	0.7006	-88.051
1759	2417	18	0.7338	-148.073
456	678	18	0.8667	58.041
5	1246	21	0.9556	4.031
409	3003	21	0.9144	252.283
3039	9059	21	0.9096	-2.014
10	3020	21	0.8612	-209.251
17	247	21	0.9491	-24.000
10	397	21	0.9475	28.032
17	1246	21	0.9272	-21.985
20	341	21	0.9691	30.047
397	3039	21	0.9615	-235.268
341	542	21	0.9783	-58.078
397	2873	21	0.9254	-292.276
5	542	21	0.968	-30.046
395	8966	21	0.9537	-2.012
3040	9059	21	0.9323	28.977
341	1774	21	0.8659	-16.031
224	1246	21	0.9064	2.015
341	1246	21	0.9752	-24.001
10	3040	21	0.9506	-238.227
224	2873	21	0.9182	-266.260
20	3003	21	0.8534	266.262
3039	8966	21	0.9244	-59.020
247	8590	21	0.86	262.244
395	3039	21	0.9532	57.008
17	409	21	0.8611	-14.052
17	20	21	0.9579	-28.031
247	409	21	0.8843	9.948
5	3003	21	0.8539	264.246
17	341	21	0.9388	2.016
3020	3040	21	0.8923	-28.976
397	8966	21	0.9417	-294.288
3003	8590	21	0.9693	0.014
10	224	21	0.9462	2.016
10	3039	21	0.9317	-207.236
395	2873	21	0.9234	-0.000
10	8404	21	0.9447	-207.235
397	3020	21	0.8928	-237.283
247	542	21	0.9736	-32.062
247	1593	21	0.9599	52.031
341	1593	21	0.9734	26.016
10	2873	21	0.8887	-264.244
397	3040	21	0.9805	-266.259
5	247	21	0.9815	2.016
20	1593	21	0.9535	56.062
3020	8966	21	0.8636	-57.006
10	9059	21	0.9076	-209.250
10	395	21	0.9536	-264.244
2873	9059	21	0.8704	54.994
5	341	21	0.9674	28.032
20	247	21	0.9807	4.031
224	395	21	0.9728	-266.260
397	9059	21	0.9308	-237.282
8404	8966	21	0.9424	-59.021
5	20	21	0.9881	-2.015
3020	8404	21	0.8924	2.016
20	409	21	0.8993	13.979
341	409	21	0.8793	-16.068
247	341	21	0.9675	26.016
409	542	21	0.8867	-42.010
409	8590	21	0.9206	252.296
17	542	21	0.9372	-56.062
3039	8404	21	0.9648	0.001
224	8404	21	0.9846	-209.251
395	3040	21	0.9924	26.017
542	1246	21	0.9795	34.078
3020	3039	21	0.8716	2.015
2873	8966	21	0.8803	-2.012
17	1593	21	0.9271	28.031
20	542	21	0.9666	-28.031
5	17	21	0.9484	26.016
10	8966	21	0.9271	-266.256
8404	9059	21	0.9323	-2.015
1246	1593	21	0.9702	50.016
2873	3040	21	0.923	26.018
3039	3040	21	0.9572	-30.991
409	1246	21	0.8909	-7.933
224	3039	21	0.9615	-209.252
224	8966	21	0.9325	-268.273
395	397	21	0.9807	292.276
2873	3039	21	0.8948	57.008
5	1593	21	0.9531	54.047
224	3040	21	0.9721	-240.243
409	817	21	0.8759	28.030
20	1246	21	0.9566	6.046
397	8404	21	0.994	-235.267
224	9059	21	0.9231	-211.266
817	3003	21	0.8546	224.252
542	8590	21	0.861	294.306
2873	3020	21	0.8284	54.994
224	397	21	0.9936	26.016
395	8404	21	0.9724	57.009
817	8590	21	0.8512	224.266
2873	8404	21	0.9148	57.009
3040	8966	21	0.9569	-28.030
8966	9059	21	0.9096	57.006
542	1593	21	0.9799	84.094
395	9059	21	0.9316	54.994
3020	9059	21	0.8516	0.001
247	1246	21	0.9634	2.015
3040	8404	21	0.9727	30.992
5	409	21	0.8882	11.964
395	3020	21	0.8873	54.993
4166	4930	22	0.7022	163.063
899	1151	24	0.7841	-41.022
283	3069	26	0.818	-124.161
1030	3069	26	0.7695	-28.031
283	2003	26	0.7162	18.011
283	1386	26	0.7138	26.014
3069	3574	26	0.8235	-28.030
283	6746	26	0.7624	28.032
3069	9196	26	0.768	-141.020
407	3574	26	0.7533	-84.129
1030	3087	26	0.7265	-141.020
3021	3299	26	0.7205	-28.031
1548	3299	26	0.8439	-56.063
407	3069	26	0.7945	-56.099
1548	3021	26	0.7017	-28.031
485	1548	26	0.8008	28.031
1030	3336	26	0.7807	28.035
485	2112	26	0.7058	18.010
485	3299	26	0.8985	-28.032
1386	3299	26	0.7326	-170.202
283	407	26	0.9512	-68.062
283	3574	26	0.7961	-152.191
485	1386	26	0.7145	142.171
948	4823	27	0.7357	-14.015
4823	5520	27	0.7323	71.036
3655	5832	28	0.7417	-16.067
69	7228	28	0.7697	-41.026
351	1040	28	0.7452	28.031
243	271	28	0.9817	2.016
159	488	28	0.8551	43.042
137	159	28	0.9413	0.000
507	5832	28	0.8844	13.979
608	3274	28	0.828	2.016
137	1038	28	0.7172	-264.245
507	3655	28	0.8022	30.046
137	413	28	0.7283	43.042
57	7221	28	0.7432	1.020
3327	7221	28	0.7643	-26.017
1210	5832	28	0.704	82.054
57	484	28	0.7415	-2.016
413	488	28	0.746	0.000
159	5832	28	0.8371	11.964
57	69	28	0.8519	-0.000
159	7221	28	0.7797	-41.027
159	413	28	0.7589	43.042
351	538	28	0.7776	2.015
538	608	28	0.7333	11.964
159	1038	28	0.7244	-264.245
137	507	28	0.9102	-2.015
57	7228	28	0.8439	-41.026
69	484	28	0.8168	-2.016
7221	7228	28	0.7076	-42.046
137	5832	28	0.8094	11.964
69	560	28	0.8106	26.016
507	655	28	0.7853	-82.054
351	507	28	0.8018	46.006
484	1433	28	0.8358	-41.027
3524	7228	28	0.8307	0.000
159	507	28	0.9481	-2.015
137	3655	28	0.7773	28.031
351	3274	28	0.7877	15.995
1006	5832	28	0.7126	-43.042
484	560	28	0.8216	28.032
1567	5832	28	0.7737	-4.031
5832	5893	28	0.7838	-41.026
347	507	28	0.7305	41.027
159	3655	28	0.8092	28.031
351	439	28	0.7534	2.015
243	488	28	0.7788	162.053
351	608	28	0.8906	13.979
484	6093	28	0.7297	274.159
57	3524	28	0.7987	-41.026
137	488	28	0.8185	43.042
137	7221	28	0.7969	-41.027
351	1073	28	0.8046	-473.260
560	6093	28	0.8757	246.127
69	3524	28	0.8751	-41.026
57	560	28	0.723	26.016
3322	8619	29	0.8939	-54.047
584	1361	29	0.8683	14.016
584	879	29	0.8491	28.031
879	973	29	0.8403	140.157
7194	7321	29	0.7888	28.031
7185	7207	29	0.8616	-24.000
3322	7184	29	0.9354	-56.063
7184	7187	29	0.8964	-26.016
3322	7272	29	0.8341	42.047
7184	8619	29	0.8827	2.016
7182	7184	29	0.9055	-2.016
7207	8619	29	0.9107	-2.016
3322	7182	29	0.8978	-54.047
7183	8619	29	0.8939	-28.031
7200	7944	29	0.7933	30.047
5511	8619	29	0.8165	-84.094
7211	7861	29	0.9323	112.125
7194	7254	29	0.7256	15.995
7216	8619	29	0.8129	15.995
7194	7270	29	0.7518	-79.966
1361	7200	29	0.8033	70.078
973	7200	29	0.9267	-84.094
7194	7196	29	0.7512	-15.995
7183	7217	29	0.8235	-26.016
809	879	29	0.7879	-70.115
879	7944	29	0.7828	86.110
973	7205	29	0.7596	-56.063
3322	7211	29	0.9478	-84.094
708	3943	29	0.713	-26.016
809	7944	29	0.7032	15.995
879	7200	29	0.8745	56.062
7184	7272	29	0.8467	98.110
5511	7207	29	0.8076	-82.079
7187	7861	29	0.9091	110.109
809	1361	29	0.7048	-84.130
7211	7272	29	0.8402	126.141
708	973	29	0.7105	-2.016
879	7254	29	0.7004	62.073
7200	7205	29	0.7567	28.031
584	7200	29	0.8408	84.094
7187	7211	29	0.916	-2.016
3322	7861	29	0.9563	28.031
3322	5511	29	0.827	30.047
7182	7185	29	0.9173	26.016
584	7944	29	0.717	114.141
7183	7207	29	0.8733	-26.016
584	973	29	0.8278	168.188
7182	7183	29	0.9466	28.031
7183	7187	29	0.9479	-56.062
5511	7216	29	0.7569	-100.089
708	6042	29	0.7029	-82.078
5511	7217	29	0.7499	-82.079
7861	8619	29	0.8705	-82.078
7183	7185	29	0.9398	-2.016
7184	7211	29	0.913	-28.031
7183	7216	29	0.8249	-44.026
7183	7184	29	0.8559	-30.047
809	7200	29	0.7579	-14.052
973	1361	29	0.8048	-154.172
7184	7185	29	0.9337	28.031
7185	7187	29	0.9263	-54.047
3322	7185	29	0.9783	-28.031
7185	7861	29	0.9498	56.063
3943	7887	29	0.7078	-28.031
879	7205	29	0.7066	84.094
7185	7272	29	0.8744	70.078
879	1361	29	0.8627	-14.016
7187	8619	29	0.9351	28.031
973	7944	29	0.7764	-54.047
7185	8619	29	0.91	-26.016
7187	7272	29	0.8343	124.125
7194	7216	29	0.7385	15.995
7182	7216	29	0.8168	-15.995
7194	7207	29	0.762	34.006
708	7887	29	0.8196	-54.047
681	708	29	0.7167	-18.011
5511	7182	29	0.8196	-84.094
7182	8619	29	0.9249	-0.000
7182	7861	29	0.8736	82.078
7272	7861	29	0.8415	-14.016
7184	7861	29	0.9154	84.094
7183	7861	29	0.843	54.047
7182	7207	29	0.8788	2.015
5511	7861	29	0.8286	-2.016
7200	7204	29	0.7012	2.016
3322	7187	29	0.9289	-82.078
3322	7183	29	0.9056	-26.016
809	973	29	0.7112	70.042
7185	7211	29	0.9393	-56.062
1361	7944	29	0.7507	100.125
7187	7207	29	0.8765	30.047
7184	7207	29	0.8179	4.031
7182	7187	29	0.9667	-28.031
1361	7254	29	0.7204	76.089
198	7712	30	0.7716	26.052
198	365	30	0.7619	113.085
13	294	31	0.9327	-44.026
544	7203	31	0.75	12.000
13	7203	31	0.7718	-14.015
294	730	31	0.9351	15.995
218	1112	31	0.8569	-431.231
13	730	31	0.8796	-28.031
451	1112	31	0.9253	-414.204
730	7203	31	0.7785	14.016
218	544	31	0.8543	-43.042
451	544	31	0.913	-26.016
294	1112	31	0.9349	-370.178
218	451	31	0.8814	-17.026
49	7530	31	0.919	28.031
49	1112	31	0.915	-386.173
13	3037	31	0.8835	17.026
13	451	31	0.9259	0.000
451	7203	31	0.7953	-14.015
294	451	31	0.9744	44.026
13	49	31	0.9231	-28.031
294	7203	31	0.8148	30.011
49	451	31	0.9401	28.031
730	1112	31	0.9075	-386.173
13	544	31	0.8792	-26.016
544	3037	31	0.8702	43.042
49	218	31	0.8849	45.057
451	3037	31	0.8978	17.026
730	7530	31	0.9093	28.031
7203	7530	31	0.7948	14.015
13	1112	31	0.8825	-414.204
1112	3037	31	0.856	431.231
1112	7530	31	0.8882	414.204
294	3037	31	0.9088	61.053
49	3037	31	0.9137	45.057
49	294	31	0.9618	-15.995
218	294	31	0.8887	-61.053
1112	7203	31	0.782	400.189
3037	7203	31	0.7624	-31.042
451	7530	31	0.9208	-0.000
49	7203	31	0.7953	14.016
544	730	31	0.8734	-2.015
544	1112	31	0.8685	-388.188
3037	7530	31	0.8747	-17.027
544	7530	31	0.8633	26.016
49	730	31	0.9401	-0.000
49	544	31	0.8957	2.015
294	7530	31	0.938	44.026
13	218	31	0.846	17.026
218	730	31	0.8736	-45.058
294	544	31	0.9185	18.011
451	730	31	0.9248	-28.031
218	3037	31	0.9746	0.000
13	7530	31	0.8829	-0.000
730	3037	31	0.8715	45.058
218	7203	31	0.7512	-31.042
3165	3209	32	0.9968	-44.026
323	470	32	0.7709	-88.052
446	3149	32	0.8293	56.063
3149	3165	32	0.8346	-132.078
470	1594	32	0.7367	220.131
4180	5494	32	0.8544	-28.031
696	3209	32	0.7382	56.063
3149	3209	32	0.824	-176.104
344	446	32	0.822	88.052
323	344	32	0.7478	-44.026
2022	3165	32	0.7087	28.031
323	446	32	0.8398	44.026
470	5494	32	0.8157	176.106
470	3165	32	0.8508	56.063
344	2189	32	0.8112	56.063
2189	3149	32	0.8437	88.052
446	5494	32	0.9211	44.028
696	5494	32	0.7049	220.132
344	5494	32	0.7845	132.080
2189	3165	32	0.9912	-44.026
446	696	32	0.7463	-176.104
2189	3209	32	0.9844	-88.052
344	470	32	0.782	-44.026
446	470	32	0.8645	-132.078
446	2163	32	0.7195	28.032
323	5494	32	0.7987	88.054
6607	6691	36	0.7439	88.576
5489	6607	36	0.7638	-47.905
5489	5508	36	0.7069	-47.905
1546	6691	36	0.8239	-0.671
6020	7945	36	0.8714	0.000
1546	6607	36	0.802	-89.247
425	1569	36	0.7087	40.977
1546	5508	36	0.7825	-89.246
5508	6691	36	0.7227	88.575
1569	6691	36	0.78	-0.036
5508	6607	36	0.8127	-0.000
425	6691	36	0.8393	40.940
1546	5489	36	0.7137	-41.342
6020	6691	36	0.7034	-42.047
477	1734	37	0.8735	-33.984
477	845	37	0.8081	271.079
845	3188	37	0.8577	-79.052
477	3188	37	0.9013	192.027
1323	5852	38	0.8472	356.318
3398	5852	38	0.7105	339.291
40	3016	39	0.7928	-0.006
695	3440	40	0.8535	-42.042
695	7868	40	0.9889	0.005
3440	7868	40	0.8477	42.047
691	6681	41	0.7472	2.015
227	5644	42	0.7428	18.011
227	800	42	0.7596	-17.027
28	39	44	0.7272	-179.079
1	41	44	0.7439	-109.003
1	39	44	0.9055	-144.041
3	41	44	0.8137	18.012
2	28	44	0.8637	17.027
3	39	44	0.9319	-17.027
2	5399	44	0.8247	-179.981
26	28	44	0.8749	15.996
2	39	44	0.8864	-162.052
2	80	44	0.9036	-46.042
1	3	44	0.9534	-127.015
26	61	44	0.8631	-14.015
1	2	44	0.8981	18.010
16	38	44	0.8428	18.011
139	9243	44	0.8168	0.000
7586	8552	44	0.7792	-29.014
25	61	44	0.8581	18.010
1	80	44	0.9277	-28.031
28	6009	44	0.7562	-63.067
2	3	44	0.9552	-145.025
37	39	44	0.9101	18.011
3133	5446	44	0.7953	-11.006
139	746	44	0.8942	-17.027
3	6009	44	0.8902	98.986
80	5399	44	0.8125	-133.939
39	80	44	0.8554	116.010
2	16	44	0.742	-109.004
39	41	44	0.7519	35.038
25	7586	44	0.7202	14.999
31	139	44	0.7304	-116.064
5446	8552	44	1.0	0.001
3	5399	44	0.8163	-34.955
3133	8552	44	0.7953	-11.004
41	6009	44	0.7011	80.975
28	31	44	0.8197	-20.025
39	6009	44	0.8554	116.013
1	6009	44	0.9277	-28.029
37	80	44	0.8945	134.021
16	41	44	0.8392	-18.009
39	5399	44	0.8189	-17.929
5399	6009	44	0.8125	133.941
3	16	44	0.7703	36.021
25	26	44	0.815	32.025
28	37	44	0.7436	-197.090
28	41	44	0.7402	-144.041
41	80	44	0.7011	80.972
2	37	44	0.9058	-180.062
3	80	44	0.8902	98.983
1	5399	44	0.8357	-161.970
25	8552	44	0.9088	-14.015
38	41	44	0.7677	-36.021
26	7586	44	0.7886	-17.026
80	6009	44	1.0	0.003
2	6009	44	0.9036	-46.039
3133	7586	44	0.7689	18.010
3	37	44	0.9132	-35.037
1	28	44	0.7904	35.038
61	5446	44	0.779	-32.027
26	3133	44	0.7927	-35.036
26	5446	44	0.8585	-46.042
5446	7586	44	0.7792	29.016
37	5399	44	0.9123	0.082
26	8552	44	0.8585	-46.040
28	80	44	0.7587	-63.069
2	41	44	0.783	-127.014
37	6009	44	0.8945	134.023
746	9243	44	0.7602	17.027
25	3133	44	0.7364	-3.011
37	41	44	0.7181	53.049
1	37	44	0.9274	-162.052
61	8552	44	0.779	-32.025
25	5446	44	0.9088	-14.016
3	28	44	0.8453	162.053
1126	3526	45	0.9032	-0.004
1211	3035	45	0.888	0.502
1126	1211	45	0.8851	-0.865
3035	3526	45	0.8473	0.359
1126	3035	45	0.8716	-0.363
1211	3526	45	0.8703	0.861
3221	6640	46	0.9332	-0.022
1166	3221	46	0.7447	-20.980
1166	3089	46	0.7266	154.144
361	3203	47	0.9265	-0.000
361	847	47	0.8291	14.016
847	3203	47	0.8441	-14.017
2540	5759	48	0.949	0.013
97	6593	50	0.7517	41.027
267	5423	50	0.8838	41.027
97	5423	50	0.9603	0.000
5423	6593	50	0.7473	41.027
97	3067	50	0.7414	23.016
97	267	50	0.9024	-41.027
284	6593	50	0.7401	0.000
3067	5423	50	0.779	-23.016
1850	8030	51	0.7531	0.000
125	127	52	0.9154	58.006
1179	1627	53	0.804	49.979
1627	1803	53	0.7725	-128.060
368	1627	53	0.7486	85.053
441	1627	53	0.7613	163.063
654	1627	53	0.8569	49.979
441	654	53	0.7502	113.084
275	479	55	0.7204	22.054
328	835	56	0.7078	-0.037
1698	8982	57	0.7827	42.046
1698	3546	57	0.7827	42.047
270	3143	57	0.7088	15.011
3546	8982	57	1.0	-0.001
1698	3143	57	0.7368	-113.083
114	1753	58	0.897	28.033
179	666	58	0.8181	23.017
150	179	58	0.903	17.027
1289	1753	58	0.8669	26.015
114	1289	58	0.9054	2.018
114	150	58	0.8087	238.232
150	7197	58	0.8168	-42.047
3309	3385	62	0.7089	113.091
7860	7999	63	0.9095	-21.980
1504	3540	65	0.8826	-12.002
1504	3711	65	0.8727	-0.000
170	3238	67	0.7005	-26.015
170	380	67	0.7213	2.016
1034	3753	68	0.7237	-54.047
1034	5501	68	0.8325	-56.063
84	183	72	0.9657	17.027
3978	5796	77	0.7454	0.034
3390	3441	79	0.8243	-161.178
214	3441	79	0.9297	-17.027
214	3390	79	0.89	144.152
5500	5557	82	0.7806	92.031
5500	5905	82	0.7361	15.993
5557	5905	82	0.798	-76.038
5500	5551	82	0.7711	14.017
215	1081	83	0.8121	42.045
215	452	83	0.7923	-44.028
215	482	83	0.8102	14.014
215	392	83	0.8028	-215.093
215	1939	83	0.8931	0.023
357	1391	86	0.7495	-182.205
632	7690	86	0.7518	110.108
632	1391	86	0.7618	26.015
1391	5462	86	0.7642	182.194
357	632	86	0.7426	-208.219
632	5462	86	0.749	208.209
1391	7690	86	0.7589	84.094
357	5462	86	0.9732	-0.010
632	3275	86	0.7133	28.030
285	299	87	0.7446	42.047
575	7210	88	0.8908	-0.013
575	3429	88	0.7456	-157.102
1132	7514	90	0.8595	26.013
1737	7878	90	0.7531	-30.049
7514	7873	90	0.7628	12.039
7514	7908	90	0.8136	-23.998
7873	7963	90	0.7413	2.014
1737	7908	90	0.7168	-26.016
7878	7908	90	0.7469	4.033
1737	7514	90	0.8413	-2.018
1132	7873	90	0.7908	38.052
1132	7878	90	0.7876	-2.018
1737	7873	90	0.7899	10.021
7514	7963	90	0.7474	14.052
1132	7963	90	0.7486	40.065
1132	7908	90	0.7313	2.015
7514	7878	90	0.822	-28.031
1132	1737	90	0.8836	28.031
1737	7963	90	0.7347	12.034
210	701	91	0.9688	-17.027
75	402	91	0.9525	-17.026
75	701	91	0.9515	-17.027
210	402	91	0.9704	-17.026
402	701	91	0.9991	-0.000
75	210	91	0.9926	0.000
501	8452	93	0.851	-0.000
3718	8452	93	0.8284	115.028
7512	7518	96	0.7609	-26.016
7512	7882	96	0.7067	2.013
3599	5430	97	0.7847	0.000
171	199	98	0.9661	-56.063
649	702	100	0.7374	-0.002
116	9204	102	0.8152	-28.028
1381	8429	103	0.7201	-85.016
3409	8417	104	0.7487	29.025
1898	7614	105	0.9328	0.000
111	158	107	0.729	-0.000
111	2228	107	0.7446	147.068
158	1758	107	0.7819	147.068
111	6856	107	0.7216	98.048
1265	7060	108	0.8319	-115.031
589	7629	108	0.9366	0.003
310	1265	108	0.7932	-49.981
310	929	108	0.8631	-49.981
589	929	108	0.783	-162.117
310	7629	108	0.8002	112.139
830	1265	108	0.8463	-15.997
310	830	108	0.8383	-33.984
1265	5613	108	0.7877	-163.062
310	589	108	0.8097	112.136
892	4587	109	0.7294	-83.030
7225	7252	110	0.8039	58.004
885	1786	111	0.7372	341.133
2283	4922	112	0.7479	-113.083
1016	7547	113	0.9649	0.022
7953	7989	114	0.7052	0.000
7650	8444	116	0.8813	-0.486
329	3056	118	0.8005	0.960
241	1445	119	0.7967	-28.032
122	516	119	0.7695	28.031
122	138	119	0.8728	2.015
122	241	119	0.8364	13.979
122	2328	119	0.7776	-28.032
138	241	119	0.7512	11.964
157	3049	121	0.7868	-15.995
509	3536	126	0.8329	-0.984
463	3536	126	0.812	-33.984
305	5410	126	0.9588	0.011
305	463	126	0.8321	-0.984
463	1115	126	0.7815	14.016
463	5410	126	0.8254	0.995
305	509	126	0.8164	-33.984
509	5410	126	0.7976	33.996
1342	6046	128	0.7255	0.000
296	5177	130	0.8669	393.666
547	1053	133	0.7937	0.001
547	1159	133	0.7973	-2.016
1053	1159	133	0.7262	-2.018
309	334	136	0.806	479.342
942	1403	137	0.8062	-0.000
3580	7298	139	1.0	-0.010
3589	7409	142	0.741	-0.529
3348	8403	146	0.7296	80.098
314	8403	146	0.7463	234.100
401	3174	149	0.7418	73.534
95	3319	150	0.7272	0.000
249	3319	150	0.7075	-475.346
249	861	150	0.8442	26.016
514	6603	155	0.8354	0.036
580	1499	156	0.8668	-0.010
1792	8489	157	0.7224	228.107
1792	3314	157	0.7662	-87.037
197	2106	159	0.8	-26.013
5792	5802	161	0.7416	-14.016
6449	8973	162	1.0	-0.000
33	3120	163	0.7291	89.018
102	235	163	0.7697	-394.086
3007	3120	163	0.7753	80.968
33	102	163	0.7548	-90.031
33	235	163	0.7158	-484.117
82	3120	163	0.7525	361.082
82	3007	163	0.8481	280.114
82	5400	163	0.9888	-0.002
3120	5400	163	0.7521	-361.084
3007	5400	163	0.8505	-280.116
33	3007	163	0.7131	8.050
663	1659	164	0.7474	-414.225
3002	3005	168	0.7366	-180.063
672	1325	173	0.8181	15.998
1893	7702	174	1.0	0.011
1515	2032	175	0.7269	-0.000
3214	3521	176	0.7684	44.026
4488	5816	178	0.7929	-76.040
231	3070	185	0.9758	0.073
1106	6591	193	0.857	49.979
373	5881	194	0.718	58.007
6865	7874	195	0.8254	-14.015
3328	4031	197	0.8327	17.027
741	3479	198	0.7046	-14.016
690	741	198	0.8199	-18.011
50	85	199	0.8595	-18.010
433	475	201	0.8527	-33.984
1035	3111	205	0.7899	-33.985
964	6017	207	0.7114	0.985
922	1748	208	0.739	-35.037
3642	7206	214	0.7671	-42.044
7876	7892	215	0.794	28.033
6566	7922	216	0.7216	83.026
343	348	218	0.7174	-168.055
113	348	218	0.7304	-28.031
343	7233	218	0.7749	0.000
15	113	218	0.794	2.016
15	348	218	0.8037	-26.016
15	154	218	0.9559	-28.032
154	348	218	0.7975	2.017
3511	8948	221	0.7455	-84.094
1721	8890	225	0.9176	0.002
101	3873	230	0.7661	-0.000
190	2345	231	0.7208	315.158
438	6695	232	0.9831	-0.000
5160	7751	233	0.7147	-0.937
5403	8323	235	0.9049	0.000
566	819	239	0.741	-14.016
7538	7647	243	0.7215	350.469
523	1973	245	1.0	0.019
366	798	247	0.8248	-2.016
5472	5476	251	0.7653	-39.011
3161	5823	257	0.8745	-319.817
662	3353	264	0.8462	1.018
662	1036	264	0.8447	0.071
1139	1356	265	0.7922	-374.284
5833	5916	269	0.7162	0.000
6659	6676	285	0.809	18.011
228	281	303	0.8519	2.015
